Number,Word
1,belt
2,bench
3,bend
4,bent
5,best
6,black
7,blade
8,blame
9,blank
10,bling
11,blink
12,block
13,blurt
14,blush
15,brake
16,brave
17,bribe
18,brick
19,bride
20,bring
21,brink
22,broke
23,broth
24,brush
25,bunch
26,chest
27,chimp
28,chomp
29,clang
30,clank
31,Clark
32,clash
33,click
34,clinch
35,cling
36,clink
37,clock
38,clone
39,clonk
40,close
41,cloth
42,clove
43,cluck
44,clung
45,clunk
46,crack
47,crane
48,crash
49,crate
50,crave
51,crime
52,crock
53,crude
54,crush
55,depth
56,desk
57,Drake
58,drank
59,drape
60,drink
61,drive
62,drone
63,drove
64,drunk
65,felt
66,filth
67,first
68,flack
69,flake
70,flame
71,flank
72,flash
73,fleck
74,fled
75,flesh
76,flick
77,flinch
78,fling
79,flock
80,fluke
81,flume
82,flung
83,flunk
84,flush
85,flute
86,frame
87,fresh
88,froth
89,glaze
90,Glen
91,glide
92,globe
93,glute
94,grade
95,grape
96,grate
97,grave
98,graze
99,grove
100,held
101,helm
102,help
103,hemp
104,hunch
105,kept
106,left
107,lend
108,lent
109,lunch
110,melt
111,munch
112,nest
113,pelt
114,pest
115,pinch
116,plane
117,plank
118,plate
119,pluck
120,plush
121,prank
122,prep
123,pride
124,prime
125,prize
126,probe
127,prone
128,prong
129,prune
130,punch
131,rest
132,scale
133,scape
134,scar
135,scarf
136,scope
137,score
138,scorn
139,self
140,send
141,sent
142,shift
143,shred
144,shrink
145,shrug
146,skate
147,skirt
148,skunk
149,slack
150,slang
151,slash
152,slate
153,sled
154,slick
155,slide
156,slime
157,sling
158,slink
159,slope
160,sloth
161,slung
162,slunk
163,slurp
164,slush
165,smack
166,small
167,smart
168,smash
169,smile
170,Smith
171,smock
172,smoke
173,snack
174,snake
175,snore
176,snort
177,spade
178,spark
179,speck
180,sped
181,spike
182,spine
183,spite
184,spoke
185,spore
186,spork
187,sport
188,sprung
189,spunk
190,spurn
191,spurt
192,stack
193,stake
194,stale
195,stall
196,stank
197,star
198,stark
199,start
200,stash
201,state
202,stem
203,step
204,stern
205,stick
206,stink
207,stir
208,stock
209,stoke
210,stole
211,stone
212,store
213,stork
214,storm
215,stove
216,strong
217,strung
218,stuck
219,stung
220,stunk
221,swing
222,swipe
223,swish
224,swore
225,temp
226,tend
227,tenth
228,test
229,theft
230,thrash
231,thrift
232,thrive
233,throb
234,thump
235,track
236,tribe
237,trick
238,trove
239,truck
240,trunk
241,vent
242,vest
243,welt
244,wept
245,west
246,whack
247,whisk
248,whomp
249,yelp
