word,prompt
album,"Transparent square PNG image of album, black-and-white kid-friendly worksheet clipart line art, bold clean outlines, simple shapes, no shading, no gradients, no text labels, transparent background, high quality. If people or characters are shown, use diverse features and hairstyles and avoid defaulting to white-coded characters. No weapons, no violence, no scary or threatening elements."
anchor,"Transparent square PNG image of anchor, black-and-white kid-friendly worksheet clipart line art, bold clean outlines, simple shapes, no shading, no gradients, no text labels, transparent background, high quality. If people or characters are shown, use diverse features and hairstyles and avoid defaulting to white-coded characters. No weapons, no violence, no scary or threatening elements."
appendix,"Transparent square PNG image of appendix, black-and-white kid-friendly worksheet clipart line art, bold clean outlines, simple shapes, no shading, no gradients, no text labels, transparent background, high quality. If people or characters are shown, use diverse features and hairstyles and avoid defaulting to white-coded characters. No weapons, no violence, no scary or threatening elements."
atlas,"Transparent square PNG image of atlas, black-and-white kid-friendly worksheet clipart line art, bold clean outlines, simple shapes, no shading, no gradients, no text labels, transparent background, high quality. If people or characters are shown, use diverse features and hairstyles and avoid defaulting to white-coded characters. No weapons, no violence, no scary or threatening elements."
attic,"Transparent square PNG image of attic, black-and-white kid-friendly worksheet clipart line art, bold clean outlines, simple shapes, no shading, no gradients, no text labels, transparent background, high quality. If people or characters are shown, use diverse features and hairstyles and avoid defaulting to white-coded characters. No weapons, no violence, no scary or threatening elements."
backbone,"Transparent square PNG image of backbone, black-and-white kid-friendly worksheet clipart line art, bold clean outlines, simple shapes, no shading, no gradients, no text labels, transparent background, high quality. If people or characters are shown, use diverse features and hairstyles and avoid defaulting to white-coded characters. No weapons, no violence, no scary or threatening elements."
backdrop,"Transparent square PNG image of backdrop, black-and-white kid-friendly worksheet clipart line art, bold clean outlines, simple shapes, no shading, no gradients, no text labels, transparent background, high quality. If people or characters are shown, use diverse features and hairstyles and avoid defaulting to white-coded characters. No weapons, no violence, no scary or threatening elements."
backpack,"Transparent square PNG image of backpack, black-and-white kid-friendly worksheet clipart line art, bold clean outlines, simple shapes, no shading, no gradients, no text labels, transparent background, high quality. If people or characters are shown, use diverse features and hairstyles and avoid defaulting to white-coded characters. No weapons, no violence, no scary or threatening elements."
bagpipe,"Transparent square PNG image of bagpipe, black-and-white kid-friendly worksheet clipart line art, bold clean outlines, simple shapes, no shading, no gradients, no text labels, transparent background, high quality. If people or characters are shown, use diverse features and hairstyles and avoid defaulting to white-coded characters. No weapons, no violence, no scary or threatening elements."
barcode,"Transparent square PNG image of barcode, black-and-white kid-friendly worksheet clipart line art, bold clean outlines, simple shapes, no shading, no gradients, no text labels, transparent background, high quality. If people or characters are shown, use diverse features and hairstyles and avoid defaulting to white-coded characters. No weapons, no violence, no scary or threatening elements."
basket,"Transparent square PNG image of basket, black-and-white kid-friendly worksheet clipart line art, bold clean outlines, simple shapes, no shading, no gradients, no text labels, transparent background, high quality. If people or characters are shown, use diverse features and hairstyles and avoid defaulting to white-coded characters. No weapons, no violence, no scary or threatening elements."
basketball,"Transparent square PNG image of basketball, black-and-white kid-friendly worksheet clipart line art, bold clean outlines, simple shapes, no shading, no gradients, no text labels, transparent background, high quality. If people or characters are shown, use diverse features and hairstyles and avoid defaulting to white-coded characters. No weapons, no violence, no scary or threatening elements."
basement,"Transparent square PNG image of basement, black-and-white kid-friendly worksheet clipart line art, bold clean outlines, simple shapes, no shading, no gradients, no text labels, transparent background, high quality. If people or characters are shown, use diverse features and hairstyles and avoid defaulting to white-coded characters. No weapons, no violence, no scary or threatening elements."
bathmat,"Transparent square PNG image of bathmat, black-and-white kid-friendly worksheet clipart line art, bold clean outlines, simple shapes, no shading, no gradients, no text labels, transparent background, high quality. If people or characters are shown, use diverse features and hairstyles and avoid defaulting to white-coded characters. No weapons, no violence, no scary or threatening elements."
bathtub,"Transparent square PNG image of bathtub, black-and-white kid-friendly worksheet clipart line art, bold clean outlines, simple shapes, no shading, no gradients, no text labels, transparent background, high quality. If people or characters are shown, use diverse features and hairstyles and avoid defaulting to white-coded characters. No weapons, no violence, no scary or threatening elements."
bedbug,"Transparent square PNG image of bedbug, black-and-white kid-friendly worksheet clipart line art, bold clean outlines, simple shapes, no shading, no gradients, no text labels, transparent background, high quality. If people or characters are shown, use diverse features and hairstyles and avoid defaulting to white-coded characters. No weapons, no violence, no scary or threatening elements."
bedrock,"Transparent square PNG image of bedrock, black-and-white kid-friendly worksheet clipart line art, bold clean outlines, simple shapes, no shading, no gradients, no text labels, transparent background, high quality. If people or characters are shown, use diverse features and hairstyles and avoid defaulting to white-coded characters. No weapons, no violence, no scary or threatening elements."
beehive,"Transparent square PNG image of beehive, black-and-white kid-friendly worksheet clipart line art, bold clean outlines, simple shapes, no shading, no gradients, no text labels, transparent background, high quality. If people or characters are shown, use diverse features and hairstyles and avoid defaulting to white-coded characters. No weapons, no violence, no scary or threatening elements."
blacksmith,"Transparent square PNG image of blacksmith, black-and-white kid-friendly worksheet clipart line art, bold clean outlines, simple shapes, no shading, no gradients, no text labels, transparent background, high quality. If people or characters are shown, use diverse features and hairstyles and avoid defaulting to white-coded characters. No weapons, no violence, no scary or threatening elements."
blanket,"Transparent square PNG image of blanket, black-and-white kid-friendly worksheet clipart line art, bold clean outlines, simple shapes, no shading, no gradients, no text labels, transparent background, high quality. If people or characters are shown, use diverse features and hairstyles and avoid defaulting to white-coded characters. No weapons, no violence, no scary or threatening elements."
bonfire,"Transparent square PNG image of bonfire, black-and-white kid-friendly worksheet clipart line art, bold clean outlines, simple shapes, no shading, no gradients, no text labels, transparent background, high quality. If people or characters are shown, use diverse features and hairstyles and avoid defaulting to white-coded characters. No weapons, no violence, no scary or threatening elements."
bracelet,"Transparent square PNG image of bracelet, black-and-white kid-friendly worksheet clipart line art, bold clean outlines, simple shapes, no shading, no gradients, no text labels, transparent background, high quality. If people or characters are shown, use diverse features and hairstyles and avoid defaulting to white-coded characters. No weapons, no violence, no scary or threatening elements."
bugle,"Transparent square PNG image of bugle, black-and-white kid-friendly worksheet clipart line art, bold clean outlines, simple shapes, no shading, no gradients, no text labels, transparent background, high quality. If people or characters are shown, use diverse features and hairstyles and avoid defaulting to white-coded characters. No weapons, no violence, no scary or threatening elements."
bucket,"Transparent square PNG image of bucket, black-and-white kid-friendly worksheet clipart line art, bold clean outlines, simple shapes, no shading, no gradients, no text labels, transparent background, high quality. If people or characters are shown, use diverse features and hairstyles and avoid defaulting to white-coded characters. No weapons, no violence, no scary or threatening elements."
button,"Transparent square PNG image of button, black-and-white kid-friendly worksheet clipart line art, bold clean outlines, simple shapes, no shading, no gradients, no text labels, transparent background, high quality. If people or characters are shown, use diverse features and hairstyles and avoid defaulting to white-coded characters. No weapons, no violence, no scary or threatening elements."
cabinet,"Transparent square PNG image of cabinet, black-and-white kid-friendly worksheet clipart line art, bold clean outlines, simple shapes, no shading, no gradients, no text labels, transparent background, high quality. If people or characters are shown, use diverse features and hairstyles and avoid defaulting to white-coded characters. No weapons, no violence, no scary or threatening elements."
cable,"Transparent square PNG image of cable, black-and-white kid-friendly worksheet clipart line art, bold clean outlines, simple shapes, no shading, no gradients, no text labels, transparent background, high quality. If people or characters are shown, use diverse features and hairstyles and avoid defaulting to white-coded characters. No weapons, no violence, no scary or threatening elements."
cactus,"Transparent square PNG image of cactus, black-and-white kid-friendly worksheet clipart line art, bold clean outlines, simple shapes, no shading, no gradients, no text labels, transparent background, high quality. If people or characters are shown, use diverse features and hairstyles and avoid defaulting to white-coded characters. No weapons, no violence, no scary or threatening elements."
cannon,"Transparent square PNG image of cannon, black-and-white kid-friendly worksheet clipart line art, bold clean outlines, simple shapes, no shading, no gradients, no text labels, transparent background, high quality. If people or characters are shown, use diverse features and hairstyles and avoid defaulting to white-coded characters. No weapons, no violence, no scary or threatening elements."
capsule,"Transparent square PNG image of capsule, black-and-white kid-friendly worksheet clipart line art, bold clean outlines, simple shapes, no shading, no gradients, no text labels, transparent background, high quality. If people or characters are shown, use diverse features and hairstyles and avoid defaulting to white-coded characters. No weapons, no violence, no scary or threatening elements."
catfish,"Transparent square PNG image of catfish, black-and-white kid-friendly worksheet clipart line art, bold clean outlines, simple shapes, no shading, no gradients, no text labels, transparent background, high quality. If people or characters are shown, use diverse features and hairstyles and avoid defaulting to white-coded characters. No weapons, no violence, no scary or threatening elements."
catnap,"Transparent square PNG image of catnap, black-and-white kid-friendly worksheet clipart line art, bold clean outlines, simple shapes, no shading, no gradients, no text labels, transparent background, high quality. If people or characters are shown, use diverse features and hairstyles and avoid defaulting to white-coded characters. No weapons, no violence, no scary or threatening elements."
catnip,"Transparent square PNG image of catnip, black-and-white kid-friendly worksheet clipart line art, bold clean outlines, simple shapes, no shading, no gradients, no text labels, transparent background, high quality. If people or characters are shown, use diverse features and hairstyles and avoid defaulting to white-coded characters. No weapons, no violence, no scary or threatening elements."
caveman,"Transparent square PNG image of caveman, black-and-white kid-friendly worksheet clipart line art, bold clean outlines, simple shapes, no shading, no gradients, no text labels, transparent background, high quality. If people or characters are shown, use diverse features and hairstyles and avoid defaulting to white-coded characters. No weapons, no violence, no scary or threatening elements."
canyon,"Transparent square PNG image of canyon, black-and-white kid-friendly worksheet clipart line art, bold clean outlines, simple shapes, no shading, no gradients, no text labels, transparent background, high quality. If people or characters are shown, use diverse features and hairstyles and avoid defaulting to white-coded characters. No weapons, no violence, no scary or threatening elements."
cashbox,"Transparent square PNG image of cashbox, black-and-white kid-friendly worksheet clipart line art, bold clean outlines, simple shapes, no shading, no gradients, no text labels, transparent background, high quality. If people or characters are shown, use diverse features and hairstyles and avoid defaulting to white-coded characters. No weapons, no violence, no scary or threatening elements."
chapel,"Transparent square PNG image of chapel, black-and-white kid-friendly worksheet clipart line art, bold clean outlines, simple shapes, no shading, no gradients, no text labels, transparent background, high quality. If people or characters are shown, use diverse features and hairstyles and avoid defaulting to white-coded characters. No weapons, no violence, no scary or threatening elements."
chestnut,"Transparent square PNG image of chestnut, black-and-white kid-friendly worksheet clipart line art, bold clean outlines, simple shapes, no shading, no gradients, no text labels, transparent background, high quality. If people or characters are shown, use diverse features and hairstyles and avoid defaulting to white-coded characters. No weapons, no violence, no scary or threatening elements."
chicken,"Transparent square PNG image of chicken, black-and-white kid-friendly worksheet clipart line art, bold clean outlines, simple shapes, no shading, no gradients, no text labels, transparent background, high quality. If people or characters are shown, use diverse features and hairstyles and avoid defaulting to white-coded characters. No weapons, no violence, no scary or threatening elements."
chipmunk,"Transparent square PNG image of chipmunk, black-and-white kid-friendly worksheet clipart line art, bold clean outlines, simple shapes, no shading, no gradients, no text labels, transparent background, high quality. If people or characters are shown, use diverse features and hairstyles and avoid defaulting to white-coded characters. No weapons, no violence, no scary or threatening elements."
chopstick,"Transparent square PNG image of chopstick, black-and-white kid-friendly worksheet clipart line art, bold clean outlines, simple shapes, no shading, no gradients, no text labels, transparent background, high quality. If people or characters are shown, use diverse features and hairstyles and avoid defaulting to white-coded characters. No weapons, no violence, no scary or threatening elements."
classmate,"Transparent square PNG image of classmate, black-and-white kid-friendly worksheet clipart line art, bold clean outlines, simple shapes, no shading, no gradients, no text labels, transparent background, high quality. If people or characters are shown, use diverse features and hairstyles and avoid defaulting to white-coded characters. No weapons, no violence, no scary or threatening elements."
coastline,"Transparent square PNG image of coastline, black-and-white kid-friendly worksheet clipart line art, bold clean outlines, simple shapes, no shading, no gradients, no text labels, transparent background, high quality. If people or characters are shown, use diverse features and hairstyles and avoid defaulting to white-coded characters. No weapons, no violence, no scary or threatening elements."
cobweb,"Transparent square PNG image of cobweb, black-and-white kid-friendly worksheet clipart line art, bold clean outlines, simple shapes, no shading, no gradients, no text labels, transparent background, high quality. If people or characters are shown, use diverse features and hairstyles and avoid defaulting to white-coded characters. No weapons, no violence, no scary or threatening elements."
costume,"Transparent square PNG image of costume, black-and-white kid-friendly worksheet clipart line art, bold clean outlines, simple shapes, no shading, no gradients, no text labels, transparent background, high quality. If people or characters are shown, use diverse features and hairstyles and avoid defaulting to white-coded characters. No weapons, no violence, no scary or threatening elements."
cotton,"Transparent square PNG image of cotton, black-and-white kid-friendly worksheet clipart line art, bold clean outlines, simple shapes, no shading, no gradients, no text labels, transparent background, high quality. If people or characters are shown, use diverse features and hairstyles and avoid defaulting to white-coded characters. No weapons, no violence, no scary or threatening elements."
cradle,"Transparent square PNG image of cradle, black-and-white kid-friendly worksheet clipart line art, bold clean outlines, simple shapes, no shading, no gradients, no text labels, transparent background, high quality. If people or characters are shown, use diverse features and hairstyles and avoid defaulting to white-coded characters. No weapons, no violence, no scary or threatening elements."
cricket,"Transparent square PNG image of cricket, black-and-white kid-friendly worksheet clipart line art, bold clean outlines, simple shapes, no shading, no gradients, no text labels, transparent background, high quality. If people or characters are shown, use diverse features and hairstyles and avoid defaulting to white-coded characters. No weapons, no violence, no scary or threatening elements."
crocodile,"Transparent square PNG image of crocodile, black-and-white kid-friendly worksheet clipart line art, bold clean outlines, simple shapes, no shading, no gradients, no text labels, transparent background, high quality. If people or characters are shown, use diverse features and hairstyles and avoid defaulting to white-coded characters. No weapons, no violence, no scary or threatening elements."
curbside,"Transparent square PNG image of curbside, black-and-white kid-friendly worksheet clipart line art, bold clean outlines, simple shapes, no shading, no gradients, no text labels, transparent background, high quality. If people or characters are shown, use diverse features and hairstyles and avoid defaulting to white-coded characters. No weapons, no violence, no scary or threatening elements."
cycle,"Transparent square PNG image of cycle, black-and-white kid-friendly worksheet clipart line art, bold clean outlines, simple shapes, no shading, no gradients, no text labels, transparent background, high quality. If people or characters are shown, use diverse features and hairstyles and avoid defaulting to white-coded characters. No weapons, no violence, no scary or threatening elements."
dentist,"Transparent square PNG image of dentist, black-and-white kid-friendly worksheet clipart line art, bold clean outlines, simple shapes, no shading, no gradients, no text labels, transparent background, high quality. If people or characters are shown, use diverse features and hairstyles and avoid defaulting to white-coded characters. No weapons, no violence, no scary or threatening elements."
desktop,"Transparent square PNG image of desktop, black-and-white kid-friendly worksheet clipart line art, bold clean outlines, simple shapes, no shading, no gradients, no text labels, transparent background, high quality. If people or characters are shown, use diverse features and hairstyles and avoid defaulting to white-coded characters. No weapons, no violence, no scary or threatening elements."
dishcloth,"Transparent square PNG image of dishcloth, black-and-white kid-friendly worksheet clipart line art, bold clean outlines, simple shapes, no shading, no gradients, no text labels, transparent background, high quality. If people or characters are shown, use diverse features and hairstyles and avoid defaulting to white-coded characters. No weapons, no violence, no scary or threatening elements."
dishpan,"Transparent square PNG image of dishpan, black-and-white kid-friendly worksheet clipart line art, bold clean outlines, simple shapes, no shading, no gradients, no text labels, transparent background, high quality. If people or characters are shown, use diverse features and hairstyles and avoid defaulting to white-coded characters. No weapons, no violence, no scary or threatening elements."
dishrag,"Transparent square PNG image of dishrag, black-and-white kid-friendly worksheet clipart line art, bold clean outlines, simple shapes, no shading, no gradients, no text labels, transparent background, high quality. If people or characters are shown, use diverse features and hairstyles and avoid defaulting to white-coded characters. No weapons, no violence, no scary or threatening elements."
dolphin,"Transparent square PNG image of dolphin, black-and-white kid-friendly worksheet clipart line art, bold clean outlines, simple shapes, no shading, no gradients, no text labels, transparent background, high quality. If people or characters are shown, use diverse features and hairstyles and avoid defaulting to white-coded characters. No weapons, no violence, no scary or threatening elements."
duckling,"Transparent square PNG image of duckling, black-and-white kid-friendly worksheet clipart line art, bold clean outlines, simple shapes, no shading, no gradients, no text labels, transparent background, high quality. If people or characters are shown, use diverse features and hairstyles and avoid defaulting to white-coded characters. No weapons, no violence, no scary or threatening elements."
dustbin,"Transparent square PNG image of dustbin, black-and-white kid-friendly worksheet clipart line art, bold clean outlines, simple shapes, no shading, no gradients, no text labels, transparent background, high quality. If people or characters are shown, use diverse features and hairstyles and avoid defaulting to white-coded characters. No weapons, no violence, no scary or threatening elements."
eggplant,"Transparent square PNG image of eggplant, black-and-white kid-friendly worksheet clipart line art, bold clean outlines, simple shapes, no shading, no gradients, no text labels, transparent background, high quality. If people or characters are shown, use diverse features and hairstyles and avoid defaulting to white-coded characters. No weapons, no violence, no scary or threatening elements."
fabric,"Transparent square PNG image of fabric, black-and-white kid-friendly worksheet clipart line art, bold clean outlines, simple shapes, no shading, no gradients, no text labels, transparent background, high quality. If people or characters are shown, use diverse features and hairstyles and avoid defaulting to white-coded characters. No weapons, no violence, no scary or threatening elements."
fireman,"Transparent square PNG image of fireman, black-and-white kid-friendly worksheet clipart line art, bold clean outlines, simple shapes, no shading, no gradients, no text labels, transparent background, high quality. If people or characters are shown, use diverse features and hairstyles and avoid defaulting to white-coded characters. No weapons, no violence, no scary or threatening elements."
firestone,"Transparent square PNG image of firestone, black-and-white kid-friendly worksheet clipart line art, bold clean outlines, simple shapes, no shading, no gradients, no text labels, transparent background, high quality. If people or characters are shown, use diverse features and hairstyles and avoid defaulting to white-coded characters. No weapons, no violence, no scary or threatening elements."
fishnet,"Transparent square PNG image of fishnet, black-and-white kid-friendly worksheet clipart line art, bold clean outlines, simple shapes, no shading, no gradients, no text labels, transparent background, high quality. If people or characters are shown, use diverse features and hairstyles and avoid defaulting to white-coded characters. No weapons, no violence, no scary or threatening elements."
flapjack,"Transparent square PNG image of flapjack, black-and-white kid-friendly worksheet clipart line art, bold clean outlines, simple shapes, no shading, no gradients, no text labels, transparent background, high quality. If people or characters are shown, use diverse features and hairstyles and avoid defaulting to white-coded characters. No weapons, no violence, no scary or threatening elements."
flashbulb,"Transparent square PNG image of flashbulb, black-and-white kid-friendly worksheet clipart line art, bold clean outlines, simple shapes, no shading, no gradients, no text labels, transparent background, high quality. If people or characters are shown, use diverse features and hairstyles and avoid defaulting to white-coded characters. No weapons, no violence, no scary or threatening elements."
fossil,"Transparent square PNG image of fossil, black-and-white kid-friendly worksheet clipart line art, bold clean outlines, simple shapes, no shading, no gradients, no text labels, transparent background, high quality. If people or characters are shown, use diverse features and hairstyles and avoid defaulting to white-coded characters. No weapons, no violence, no scary or threatening elements."
foxhole,"Transparent square PNG image of foxhole, black-and-white kid-friendly worksheet clipart line art, bold clean outlines, simple shapes, no shading, no gradients, no text labels, transparent background, high quality. If people or characters are shown, use diverse features and hairstyles and avoid defaulting to white-coded characters. No weapons, no violence, no scary or threatening elements."
gallon,"Transparent square PNG image of gallon, black-and-white kid-friendly worksheet clipart line art, bold clean outlines, simple shapes, no shading, no gradients, no text labels, transparent background, high quality. If people or characters are shown, use diverse features and hairstyles and avoid defaulting to white-coded characters. No weapons, no violence, no scary or threatening elements."
goblin,"Transparent square PNG image of goblin, black-and-white kid-friendly worksheet clipart line art, bold clean outlines, simple shapes, no shading, no gradients, no text labels, transparent background, high quality. If people or characters are shown, use diverse features and hairstyles and avoid defaulting to white-coded characters. No weapons, no violence, no scary or threatening elements."
gopher,"Transparent square PNG image of gopher, black-and-white kid-friendly worksheet clipart line art, bold clean outlines, simple shapes, no shading, no gradients, no text labels, transparent background, high quality. If people or characters are shown, use diverse features and hairstyles and avoid defaulting to white-coded characters. No weapons, no violence, no scary or threatening elements."
grapevine,"Transparent square PNG image of grapevine, black-and-white kid-friendly worksheet clipart line art, bold clean outlines, simple shapes, no shading, no gradients, no text labels, transparent background, high quality. If people or characters are shown, use diverse features and hairstyles and avoid defaulting to white-coded characters. No weapons, no violence, no scary or threatening elements."
gumdrop,"Transparent square PNG image of gumdrop, black-and-white kid-friendly worksheet clipart line art, bold clean outlines, simple shapes, no shading, no gradients, no text labels, transparent background, high quality. If people or characters are shown, use diverse features and hairstyles and avoid defaulting to white-coded characters. No weapons, no violence, no scary or threatening elements."
hairstyle,"Transparent square PNG image of hairstyle, black-and-white kid-friendly worksheet clipart line art, bold clean outlines, simple shapes, no shading, no gradients, no text labels, transparent background, high quality. If people or characters are shown, use diverse features and hairstyles and avoid defaulting to white-coded characters. No weapons, no violence, no scary or threatening elements."
handshake,"Transparent square PNG image of handshake, black-and-white kid-friendly worksheet clipart line art, bold clean outlines, simple shapes, no shading, no gradients, no text labels, transparent background, high quality. If people or characters are shown, use diverse features and hairstyles and avoid defaulting to white-coded characters. No weapons, no violence, no scary or threatening elements."
hatbox,"Transparent square PNG image of hatbox, black-and-white kid-friendly worksheet clipart line art, bold clean outlines, simple shapes, no shading, no gradients, no text labels, transparent background, high quality. If people or characters are shown, use diverse features and hairstyles and avoid defaulting to white-coded characters. No weapons, no violence, no scary or threatening elements."
helmet,"Transparent square PNG image of helmet, black-and-white kid-friendly worksheet clipart line art, bold clean outlines, simple shapes, no shading, no gradients, no text labels, transparent background, high quality. If people or characters are shown, use diverse features and hairstyles and avoid defaulting to white-coded characters. No weapons, no violence, no scary or threatening elements."
hemline,"Transparent square PNG image of hemline, black-and-white kid-friendly worksheet clipart line art, bold clean outlines, simple shapes, no shading, no gradients, no text labels, transparent background, high quality. If people or characters are shown, use diverse features and hairstyles and avoid defaulting to white-coded characters. No weapons, no violence, no scary or threatening elements."
hipbone,"Transparent square PNG image of hipbone, black-and-white kid-friendly worksheet clipart line art, bold clean outlines, simple shapes, no shading, no gradients, no text labels, transparent background, high quality. If people or characters are shown, use diverse features and hairstyles and avoid defaulting to white-coded characters. No weapons, no violence, no scary or threatening elements."
homeplate,"Transparent square PNG image of homeplate, black-and-white kid-friendly worksheet clipart line art, bold clean outlines, simple shapes, no shading, no gradients, no text labels, transparent background, high quality. If people or characters are shown, use diverse features and hairstyles and avoid defaulting to white-coded characters. No weapons, no violence, no scary or threatening elements."
hotdog,"Transparent square PNG image of hotdog, black-and-white kid-friendly worksheet clipart line art, bold clean outlines, simple shapes, no shading, no gradients, no text labels, transparent background, high quality. If people or characters are shown, use diverse features and hairstyles and avoid defaulting to white-coded characters. No weapons, no violence, no scary or threatening elements."
hubcap,"Transparent square PNG image of hubcap, black-and-white kid-friendly worksheet clipart line art, bold clean outlines, simple shapes, no shading, no gradients, no text labels, transparent background, high quality. If people or characters are shown, use diverse features and hairstyles and avoid defaulting to white-coded characters. No weapons, no violence, no scary or threatening elements."
hurricane,"Transparent square PNG image of hurricane, black-and-white kid-friendly worksheet clipart line art, bold clean outlines, simple shapes, no shading, no gradients, no text labels, transparent background, high quality. If people or characters are shown, use diverse features and hairstyles and avoid defaulting to white-coded characters. No weapons, no violence, no scary or threatening elements."
infant,"Transparent square PNG image of infant, black-and-white kid-friendly worksheet clipart line art, bold clean outlines, simple shapes, no shading, no gradients, no text labels, transparent background, high quality. If people or characters are shown, use diverse features and hairstyles and avoid defaulting to white-coded characters. No weapons, no violence, no scary or threatening elements."
insect,"Transparent square PNG image of insect, black-and-white kid-friendly worksheet clipart line art, bold clean outlines, simple shapes, no shading, no gradients, no text labels, transparent background, high quality. If people or characters are shown, use diverse features and hairstyles and avoid defaulting to white-coded characters. No weapons, no violence, no scary or threatening elements."
instep,"Transparent square PNG image of instep, black-and-white kid-friendly worksheet clipart line art, bold clean outlines, simple shapes, no shading, no gradients, no text labels, transparent background, high quality. If people or characters are shown, use diverse features and hairstyles and avoid defaulting to white-coded characters. No weapons, no violence, no scary or threatening elements."
iron,"Transparent square PNG image of iron, black-and-white kid-friendly worksheet clipart line art, bold clean outlines, simple shapes, no shading, no gradients, no text labels, transparent background, high quality. If people or characters are shown, use diverse features and hairstyles and avoid defaulting to white-coded characters. No weapons, no violence, no scary or threatening elements."
jacket,"Transparent square PNG image of jacket, black-and-white kid-friendly worksheet clipart line art, bold clean outlines, simple shapes, no shading, no gradients, no text labels, transparent background, high quality. If people or characters are shown, use diverse features and hairstyles and avoid defaulting to white-coded characters. No weapons, no violence, no scary or threatening elements."
jackpot,"Transparent square PNG image of jackpot, black-and-white kid-friendly worksheet clipart line art, bold clean outlines, simple shapes, no shading, no gradients, no text labels, transparent background, high quality. If people or characters are shown, use diverse features and hairstyles and avoid defaulting to white-coded characters. No weapons, no violence, no scary or threatening elements."
kitchen,"Transparent square PNG image of kitchen, black-and-white kid-friendly worksheet clipart line art, bold clean outlines, simple shapes, no shading, no gradients, no text labels, transparent background, high quality. If people or characters are shown, use diverse features and hairstyles and avoid defaulting to white-coded characters. No weapons, no violence, no scary or threatening elements."
kitten,"Transparent square PNG image of kitten, black-and-white kid-friendly worksheet clipart line art, bold clean outlines, simple shapes, no shading, no gradients, no text labels, transparent background, high quality. If people or characters are shown, use diverse features and hairstyles and avoid defaulting to white-coded characters. No weapons, no violence, no scary or threatening elements."
knapsack,"Transparent square PNG image of knapsack, black-and-white kid-friendly worksheet clipart line art, bold clean outlines, simple shapes, no shading, no gradients, no text labels, transparent background, high quality. If people or characters are shown, use diverse features and hairstyles and avoid defaulting to white-coded characters. No weapons, no violence, no scary or threatening elements."
ladle,"Transparent square PNG image of ladle, black-and-white kid-friendly worksheet clipart line art, bold clean outlines, simple shapes, no shading, no gradients, no text labels, transparent background, high quality. If people or characters are shown, use diverse features and hairstyles and avoid defaulting to white-coded characters. No weapons, no violence, no scary or threatening elements."
landscape,"Transparent square PNG image of landscape, black-and-white kid-friendly worksheet clipart line art, bold clean outlines, simple shapes, no shading, no gradients, no text labels, transparent background, high quality. If people or characters are shown, use diverse features and hairstyles and avoid defaulting to white-coded characters. No weapons, no violence, no scary or threatening elements."
laptop,"Transparent square PNG image of laptop, black-and-white kid-friendly worksheet clipart line art, bold clean outlines, simple shapes, no shading, no gradients, no text labels, transparent background, high quality. If people or characters are shown, use diverse features and hairstyles and avoid defaulting to white-coded characters. No weapons, no violence, no scary or threatening elements."
lemonade,"Transparent square PNG image of lemonade, black-and-white kid-friendly worksheet clipart line art, bold clean outlines, simple shapes, no shading, no gradients, no text labels, transparent background, high quality. If people or characters are shown, use diverse features and hairstyles and avoid defaulting to white-coded characters. No weapons, no violence, no scary or threatening elements."
limestone,"Transparent square PNG image of limestone, black-and-white kid-friendly worksheet clipart line art, bold clean outlines, simple shapes, no shading, no gradients, no text labels, transparent background, high quality. If people or characters are shown, use diverse features and hairstyles and avoid defaulting to white-coded characters. No weapons, no violence, no scary or threatening elements."
linnet,"Transparent square PNG image of linnet, black-and-white kid-friendly worksheet clipart line art, bold clean outlines, simple shapes, no shading, no gradients, no text labels, transparent background, high quality. If people or characters are shown, use diverse features and hairstyles and avoid defaulting to white-coded characters. No weapons, no violence, no scary or threatening elements."
lipstick,"Transparent square PNG image of lipstick, black-and-white kid-friendly worksheet clipart line art, bold clean outlines, simple shapes, no shading, no gradients, no text labels, transparent background, high quality. If people or characters are shown, use diverse features and hairstyles and avoid defaulting to white-coded characters. No weapons, no violence, no scary or threatening elements."
locket,"Transparent square PNG image of locket, black-and-white kid-friendly worksheet clipart line art, bold clean outlines, simple shapes, no shading, no gradients, no text labels, transparent background, high quality. If people or characters are shown, use diverse features and hairstyles and avoid defaulting to white-coded characters. No weapons, no violence, no scary or threatening elements."
locksmith,"Transparent square PNG image of locksmith, black-and-white kid-friendly worksheet clipart line art, bold clean outlines, simple shapes, no shading, no gradients, no text labels, transparent background, high quality. If people or characters are shown, use diverse features and hairstyles and avoid defaulting to white-coded characters. No weapons, no violence, no scary or threatening elements."
magnet,"Transparent square PNG image of magnet, black-and-white kid-friendly worksheet clipart line art, bold clean outlines, simple shapes, no shading, no gradients, no text labels, transparent background, high quality. If people or characters are shown, use diverse features and hairstyles and avoid defaulting to white-coded characters. No weapons, no violence, no scary or threatening elements."
mammal,"Transparent square PNG image of mammal, black-and-white kid-friendly worksheet clipart line art, bold clean outlines, simple shapes, no shading, no gradients, no text labels, transparent background, high quality. If people or characters are shown, use diverse features and hairstyles and avoid defaulting to white-coded characters. No weapons, no violence, no scary or threatening elements."
maypole,"Transparent square PNG image of maypole, black-and-white kid-friendly worksheet clipart line art, bold clean outlines, simple shapes, no shading, no gradients, no text labels, transparent background, high quality. If people or characters are shown, use diverse features and hairstyles and avoid defaulting to white-coded characters. No weapons, no violence, no scary or threatening elements."
menu,"Transparent square PNG image of menu, black-and-white kid-friendly worksheet clipart line art, bold clean outlines, simple shapes, no shading, no gradients, no text labels, transparent background, high quality. If people or characters are shown, use diverse features and hairstyles and avoid defaulting to white-coded characters. No weapons, no violence, no scary or threatening elements."
meter,"Transparent square PNG image of meter, black-and-white kid-friendly worksheet clipart line art, bold clean outlines, simple shapes, no shading, no gradients, no text labels, transparent background, high quality. If people or characters are shown, use diverse features and hairstyles and avoid defaulting to white-coded characters. No weapons, no violence, no scary or threatening elements."
microwave,"Transparent square PNG image of microwave, black-and-white kid-friendly worksheet clipart line art, bold clean outlines, simple shapes, no shading, no gradients, no text labels, transparent background, high quality. If people or characters are shown, use diverse features and hairstyles and avoid defaulting to white-coded characters. No weapons, no violence, no scary or threatening elements."
milestone,"Transparent square PNG image of milestone, black-and-white kid-friendly worksheet clipart line art, bold clean outlines, simple shapes, no shading, no gradients, no text labels, transparent background, high quality. If people or characters are shown, use diverse features and hairstyles and avoid defaulting to white-coded characters. No weapons, no violence, no scary or threatening elements."
milkshake,"Transparent square PNG image of milkshake, black-and-white kid-friendly worksheet clipart line art, bold clean outlines, simple shapes, no shading, no gradients, no text labels, transparent background, high quality. If people or characters are shown, use diverse features and hairstyles and avoid defaulting to white-coded characters. No weapons, no violence, no scary or threatening elements."
mitten,"Transparent square PNG image of mitten, black-and-white kid-friendly worksheet clipart line art, bold clean outlines, simple shapes, no shading, no gradients, no text labels, transparent background, high quality. If people or characters are shown, use diverse features and hairstyles and avoid defaulting to white-coded characters. No weapons, no violence, no scary or threatening elements."
molar,"Transparent square PNG image of molar, black-and-white kid-friendly worksheet clipart line art, bold clean outlines, simple shapes, no shading, no gradients, no text labels, transparent background, high quality. If people or characters are shown, use diverse features and hairstyles and avoid defaulting to white-coded characters. No weapons, no violence, no scary or threatening elements."
motor,"Transparent square PNG image of motor, black-and-white kid-friendly worksheet clipart line art, bold clean outlines, simple shapes, no shading, no gradients, no text labels, transparent background, high quality. If people or characters are shown, use diverse features and hairstyles and avoid defaulting to white-coded characters. No weapons, no violence, no scary or threatening elements."
muffin,"Transparent square PNG image of muffin, black-and-white kid-friendly worksheet clipart line art, bold clean outlines, simple shapes, no shading, no gradients, no text labels, transparent background, high quality. If people or characters are shown, use diverse features and hairstyles and avoid defaulting to white-coded characters. No weapons, no violence, no scary or threatening elements."
musket,"Transparent square PNG image of musket, black-and-white kid-friendly worksheet clipart line art, bold clean outlines, simple shapes, no shading, no gradients, no text labels, transparent background, high quality. If people or characters are shown, use diverse features and hairstyles and avoid defaulting to white-coded characters. No weapons, no violence, no scary or threatening elements."
muskrat,"Transparent square PNG image of muskrat, black-and-white kid-friendly worksheet clipart line art, bold clean outlines, simple shapes, no shading, no gradients, no text labels, transparent background, high quality. If people or characters are shown, use diverse features and hairstyles and avoid defaulting to white-coded characters. No weapons, no violence, no scary or threatening elements."
nameplate,"Transparent square PNG image of nameplate, black-and-white kid-friendly worksheet clipart line art, bold clean outlines, simple shapes, no shading, no gradients, no text labels, transparent background, high quality. If people or characters are shown, use diverse features and hairstyles and avoid defaulting to white-coded characters. No weapons, no violence, no scary or threatening elements."
napkin,"Transparent square PNG image of napkin, black-and-white kid-friendly worksheet clipart line art, bold clean outlines, simple shapes, no shading, no gradients, no text labels, transparent background, high quality. If people or characters are shown, use diverse features and hairstyles and avoid defaulting to white-coded characters. No weapons, no violence, no scary or threatening elements."
ninepin,"Transparent square PNG image of ninepin, black-and-white kid-friendly worksheet clipart line art, bold clean outlines, simple shapes, no shading, no gradients, no text labels, transparent background, high quality. If people or characters are shown, use diverse features and hairstyles and avoid defaulting to white-coded characters. No weapons, no violence, no scary or threatening elements."
nosecone,"Transparent square PNG image of nosecone, black-and-white kid-friendly worksheet clipart line art, bold clean outlines, simple shapes, no shading, no gradients, no text labels, transparent background, high quality. If people or characters are shown, use diverse features and hairstyles and avoid defaulting to white-coded characters. No weapons, no violence, no scary or threatening elements."
nuthatch,"Transparent square PNG image of nuthatch, black-and-white kid-friendly worksheet clipart line art, bold clean outlines, simple shapes, no shading, no gradients, no text labels, transparent background, high quality. If people or characters are shown, use diverse features and hairstyles and avoid defaulting to white-coded characters. No weapons, no violence, no scary or threatening elements."
nutmeg,"Transparent square PNG image of nutmeg, black-and-white kid-friendly worksheet clipart line art, bold clean outlines, simple shapes, no shading, no gradients, no text labels, transparent background, high quality. If people or characters are shown, use diverse features and hairstyles and avoid defaulting to white-coded characters. No weapons, no violence, no scary or threatening elements."
nutshell,"Transparent square PNG image of nutshell, black-and-white kid-friendly worksheet clipart line art, bold clean outlines, simple shapes, no shading, no gradients, no text labels, transparent background, high quality. If people or characters are shown, use diverse features and hairstyles and avoid defaulting to white-coded characters. No weapons, no violence, no scary or threatening elements."
oatcake,"Transparent square PNG image of oatcake, black-and-white kid-friendly worksheet clipart line art, bold clean outlines, simple shapes, no shading, no gradients, no text labels, transparent background, high quality. If people or characters are shown, use diverse features and hairstyles and avoid defaulting to white-coded characters. No weapons, no violence, no scary or threatening elements."
octopus,"Transparent square PNG image of octopus, black-and-white kid-friendly worksheet clipart line art, bold clean outlines, simple shapes, no shading, no gradients, no text labels, transparent background, high quality. If people or characters are shown, use diverse features and hairstyles and avoid defaulting to white-coded characters. No weapons, no violence, no scary or threatening elements."
olive,"Transparent square PNG image of olive, black-and-white kid-friendly worksheet clipart line art, bold clean outlines, simple shapes, no shading, no gradients, no text labels, transparent background, high quality. If people or characters are shown, use diverse features and hairstyles and avoid defaulting to white-coded characters. No weapons, no violence, no scary or threatening elements."
packet,"Transparent square PNG image of packet, black-and-white kid-friendly worksheet clipart line art, bold clean outlines, simple shapes, no shading, no gradients, no text labels, transparent background, high quality. If people or characters are shown, use diverse features and hairstyles and avoid defaulting to white-coded characters. No weapons, no violence, no scary or threatening elements."
palace,"Transparent square PNG image of palace, black-and-white kid-friendly worksheet clipart line art, bold clean outlines, simple shapes, no shading, no gradients, no text labels, transparent background, high quality. If people or characters are shown, use diverse features and hairstyles and avoid defaulting to white-coded characters. No weapons, no violence, no scary or threatening elements."
pancake,"Transparent square PNG image of pancake, black-and-white kid-friendly worksheet clipart line art, bold clean outlines, simple shapes, no shading, no gradients, no text labels, transparent background, high quality. If people or characters are shown, use diverse features and hairstyles and avoid defaulting to white-coded characters. No weapons, no violence, no scary or threatening elements."
paper,"Transparent square PNG image of paper, black-and-white kid-friendly worksheet clipart line art, bold clean outlines, simple shapes, no shading, no gradients, no text labels, transparent background, high quality. If people or characters are shown, use diverse features and hairstyles and avoid defaulting to white-coded characters. No weapons, no violence, no scary or threatening elements."
patio,"Transparent square PNG image of patio, black-and-white kid-friendly worksheet clipart line art, bold clean outlines, simple shapes, no shading, no gradients, no text labels, transparent background, high quality. If people or characters are shown, use diverse features and hairstyles and avoid defaulting to white-coded characters. No weapons, no violence, no scary or threatening elements."
pavement,"Transparent square PNG image of pavement, black-and-white kid-friendly worksheet clipart line art, bold clean outlines, simple shapes, no shading, no gradients, no text labels, transparent background, high quality. If people or characters are shown, use diverse features and hairstyles and avoid defaulting to white-coded characters. No weapons, no violence, no scary or threatening elements."
pelican,"Transparent square PNG image of pelican, black-and-white kid-friendly worksheet clipart line art, bold clean outlines, simple shapes, no shading, no gradients, no text labels, transparent background, high quality. If people or characters are shown, use diverse features and hairstyles and avoid defaulting to white-coded characters. No weapons, no violence, no scary or threatening elements."
pellet,"Transparent square PNG image of pellet, black-and-white kid-friendly worksheet clipart line art, bold clean outlines, simple shapes, no shading, no gradients, no text labels, transparent background, high quality. If people or characters are shown, use diverse features and hairstyles and avoid defaulting to white-coded characters. No weapons, no violence, no scary or threatening elements."
pencil,"Transparent square PNG image of pencil, black-and-white kid-friendly worksheet clipart line art, bold clean outlines, simple shapes, no shading, no gradients, no text labels, transparent background, high quality. If people or characters are shown, use diverse features and hairstyles and avoid defaulting to white-coded characters. No weapons, no violence, no scary or threatening elements."
perfume,"Transparent square PNG image of perfume, black-and-white kid-friendly worksheet clipart line art, bold clean outlines, simple shapes, no shading, no gradients, no text labels, transparent background, high quality. If people or characters are shown, use diverse features and hairstyles and avoid defaulting to white-coded characters. No weapons, no violence, no scary or threatening elements."
piano,"Transparent square PNG image of piano, black-and-white kid-friendly worksheet clipart line art, bold clean outlines, simple shapes, no shading, no gradients, no text labels, transparent background, high quality. If people or characters are shown, use diverse features and hairstyles and avoid defaulting to white-coded characters. No weapons, no violence, no scary or threatening elements."
picket,"Transparent square PNG image of picket, black-and-white kid-friendly worksheet clipart line art, bold clean outlines, simple shapes, no shading, no gradients, no text labels, transparent background, high quality. If people or characters are shown, use diverse features and hairstyles and avoid defaulting to white-coded characters. No weapons, no violence, no scary or threatening elements."
picnic,"Transparent square PNG image of picnic, black-and-white kid-friendly worksheet clipart line art, bold clean outlines, simple shapes, no shading, no gradients, no text labels, transparent background, high quality. If people or characters are shown, use diverse features and hairstyles and avoid defaulting to white-coded characters. No weapons, no violence, no scary or threatening elements."
pigpen,"Transparent square PNG image of pigpen, black-and-white kid-friendly worksheet clipart line art, bold clean outlines, simple shapes, no shading, no gradients, no text labels, transparent background, high quality. If people or characters are shown, use diverse features and hairstyles and avoid defaulting to white-coded characters. No weapons, no violence, no scary or threatening elements."
pilgrim,"Transparent square PNG image of pilgrim, black-and-white kid-friendly worksheet clipart line art, bold clean outlines, simple shapes, no shading, no gradients, no text labels, transparent background, high quality. If people or characters are shown, use diverse features and hairstyles and avoid defaulting to white-coded characters. No weapons, no violence, no scary or threatening elements."
pinhole,"Transparent square PNG image of pinhole, black-and-white kid-friendly worksheet clipart line art, bold clean outlines, simple shapes, no shading, no gradients, no text labels, transparent background, high quality. If people or characters are shown, use diverse features and hairstyles and avoid defaulting to white-coded characters. No weapons, no violence, no scary or threatening elements."
pipeline,"Transparent square PNG image of pipeline, black-and-white kid-friendly worksheet clipart line art, bold clean outlines, simple shapes, no shading, no gradients, no text labels, transparent background, high quality. If people or characters are shown, use diverse features and hairstyles and avoid defaulting to white-coded characters. No weapons, no violence, no scary or threatening elements."
pirate,"Transparent square PNG image of pirate, black-and-white kid-friendly worksheet clipart line art, bold clean outlines, simple shapes, no shading, no gradients, no text labels, transparent background, high quality. If people or characters are shown, use diverse features and hairstyles and avoid defaulting to white-coded characters. No weapons, no violence, no scary or threatening elements."
piston,"Transparent square PNG image of piston, black-and-white kid-friendly worksheet clipart line art, bold clean outlines, simple shapes, no shading, no gradients, no text labels, transparent background, high quality. If people or characters are shown, use diverse features and hairstyles and avoid defaulting to white-coded characters. No weapons, no violence, no scary or threatening elements."
pocket,"Transparent square PNG image of pocket, black-and-white kid-friendly worksheet clipart line art, bold clean outlines, simple shapes, no shading, no gradients, no text labels, transparent background, high quality. If people or characters are shown, use diverse features and hairstyles and avoid defaulting to white-coded characters. No weapons, no violence, no scary or threatening elements."
potato,"Transparent square PNG image of potato, black-and-white kid-friendly worksheet clipart line art, bold clean outlines, simple shapes, no shading, no gradients, no text labels, transparent background, high quality. If people or characters are shown, use diverse features and hairstyles and avoid defaulting to white-coded characters. No weapons, no violence, no scary or threatening elements."
primate,"Transparent square PNG image of primate, black-and-white kid-friendly worksheet clipart line art, bold clean outlines, simple shapes, no shading, no gradients, no text labels, transparent background, high quality. If people or characters are shown, use diverse features and hairstyles and avoid defaulting to white-coded characters. No weapons, no violence, no scary or threatening elements."
puffin,"Transparent square PNG image of puffin, black-and-white kid-friendly worksheet clipart line art, bold clean outlines, simple shapes, no shading, no gradients, no text labels, transparent background, high quality. If people or characters are shown, use diverse features and hairstyles and avoid defaulting to white-coded characters. No weapons, no violence, no scary or threatening elements."
pulpit,"Transparent square PNG image of pulpit, black-and-white kid-friendly worksheet clipart line art, bold clean outlines, simple shapes, no shading, no gradients, no text labels, transparent background, high quality. If people or characters are shown, use diverse features and hairstyles and avoid defaulting to white-coded characters. No weapons, no violence, no scary or threatening elements."
pumpkin,"Transparent square PNG image of pumpkin, black-and-white kid-friendly worksheet clipart line art, bold clean outlines, simple shapes, no shading, no gradients, no text labels, transparent background, high quality. If people or characters are shown, use diverse features and hairstyles and avoid defaulting to white-coded characters. No weapons, no violence, no scary or threatening elements."
puppet,"Transparent square PNG image of puppet, black-and-white kid-friendly worksheet clipart line art, bold clean outlines, simple shapes, no shading, no gradients, no text labels, transparent background, high quality. If people or characters are shown, use diverse features and hairstyles and avoid defaulting to white-coded characters. No weapons, no violence, no scary or threatening elements."
quicksand,"Transparent square PNG image of quicksand, black-and-white kid-friendly worksheet clipart line art, bold clean outlines, simple shapes, no shading, no gradients, no text labels, transparent background, high quality. If people or characters are shown, use diverse features and hairstyles and avoid defaulting to white-coded characters. No weapons, no violence, no scary or threatening elements."
rabbit,"Transparent square PNG image of rabbit, black-and-white kid-friendly worksheet clipart line art, bold clean outlines, simple shapes, no shading, no gradients, no text labels, transparent background, high quality. If people or characters are shown, use diverse features and hairstyles and avoid defaulting to white-coded characters. No weapons, no violence, no scary or threatening elements."
racket,"Transparent square PNG image of racket, black-and-white kid-friendly worksheet clipart line art, bold clean outlines, simple shapes, no shading, no gradients, no text labels, transparent background, high quality. If people or characters are shown, use diverse features and hairstyles and avoid defaulting to white-coded characters. No weapons, no violence, no scary or threatening elements."
racehorse,"Transparent square PNG image of racehorse, black-and-white kid-friendly worksheet clipart line art, bold clean outlines, simple shapes, no shading, no gradients, no text labels, transparent background, high quality. If people or characters are shown, use diverse features and hairstyles and avoid defaulting to white-coded characters. No weapons, no violence, no scary or threatening elements."
radio,"Transparent square PNG image of radio, black-and-white kid-friendly worksheet clipart line art, bold clean outlines, simple shapes, no shading, no gradients, no text labels, transparent background, high quality. If people or characters are shown, use diverse features and hairstyles and avoid defaulting to white-coded characters. No weapons, no violence, no scary or threatening elements."
radish,"Transparent square PNG image of radish, black-and-white kid-friendly worksheet clipart line art, bold clean outlines, simple shapes, no shading, no gradients, no text labels, transparent background, high quality. If people or characters are shown, use diverse features and hairstyles and avoid defaulting to white-coded characters. No weapons, no violence, no scary or threatening elements."
razor,"Transparent square PNG image of razor, black-and-white kid-friendly worksheet clipart line art, bold clean outlines, simple shapes, no shading, no gradients, no text labels, transparent background, high quality. If people or characters are shown, use diverse features and hairstyles and avoid defaulting to white-coded characters. No weapons, no violence, no scary or threatening elements."
reptile,"Transparent square PNG image of reptile, black-and-white kid-friendly worksheet clipart line art, bold clean outlines, simple shapes, no shading, no gradients, no text labels, transparent background, high quality. If people or characters are shown, use diverse features and hairstyles and avoid defaulting to white-coded characters. No weapons, no violence, no scary or threatening elements."
ribbon,"Transparent square PNG image of ribbon, black-and-white kid-friendly worksheet clipart line art, bold clean outlines, simple shapes, no shading, no gradients, no text labels, transparent background, high quality. If people or characters are shown, use diverse features and hairstyles and avoid defaulting to white-coded characters. No weapons, no violence, no scary or threatening elements."
rifle,"Transparent square PNG image of rifle, black-and-white kid-friendly worksheet clipart line art, bold clean outlines, simple shapes, no shading, no gradients, no text labels, transparent background, high quality. If people or characters are shown, use diverse features and hairstyles and avoid defaulting to white-coded characters. No weapons, no violence, no scary or threatening elements."
robin,"Transparent square PNG image of robin, black-and-white kid-friendly worksheet clipart line art, bold clean outlines, simple shapes, no shading, no gradients, no text labels, transparent background, high quality. If people or characters are shown, use diverse features and hairstyles and avoid defaulting to white-coded characters. No weapons, no violence, no scary or threatening elements."
rocket,"Transparent square PNG image of rocket, black-and-white kid-friendly worksheet clipart line art, bold clean outlines, simple shapes, no shading, no gradients, no text labels, transparent background, high quality. If people or characters are shown, use diverse features and hairstyles and avoid defaulting to white-coded characters. No weapons, no violence, no scary or threatening elements."
rucksack,"Transparent square PNG image of rucksack, black-and-white kid-friendly worksheet clipart line art, bold clean outlines, simple shapes, no shading, no gradients, no text labels, transparent background, high quality. If people or characters are shown, use diverse features and hairstyles and avoid defaulting to white-coded characters. No weapons, no violence, no scary or threatening elements."
sandal,"Transparent square PNG image of sandal, black-and-white kid-friendly worksheet clipart line art, bold clean outlines, simple shapes, no shading, no gradients, no text labels, transparent background, high quality. If people or characters are shown, use diverse features and hairstyles and avoid defaulting to white-coded characters. No weapons, no violence, no scary or threatening elements."
sandbox,"Transparent square PNG image of sandbox, black-and-white kid-friendly worksheet clipart line art, bold clean outlines, simple shapes, no shading, no gradients, no text labels, transparent background, high quality. If people or characters are shown, use diverse features and hairstyles and avoid defaulting to white-coded characters. No weapons, no violence, no scary or threatening elements."
sandwich,"Transparent square PNG image of sandwich, black-and-white kid-friendly worksheet clipart line art, bold clean outlines, simple shapes, no shading, no gradients, no text labels, transparent background, high quality. If people or characters are shown, use diverse features and hairstyles and avoid defaulting to white-coded characters. No weapons, no violence, no scary or threatening elements."
seaside,"Transparent square PNG image of seaside, black-and-white kid-friendly worksheet clipart line art, bold clean outlines, simple shapes, no shading, no gradients, no text labels, transparent background, high quality. If people or characters are shown, use diverse features and hairstyles and avoid defaulting to white-coded characters. No weapons, no violence, no scary or threatening elements."
shellfish,"Transparent square PNG image of shellfish, black-and-white kid-friendly worksheet clipart line art, bold clean outlines, simple shapes, no shading, no gradients, no text labels, transparent background, high quality. If people or characters are shown, use diverse features and hairstyles and avoid defaulting to white-coded characters. No weapons, no violence, no scary or threatening elements."
shipwreck,"Transparent square PNG image of shipwreck, black-and-white kid-friendly worksheet clipart line art, bold clean outlines, simple shapes, no shading, no gradients, no text labels, transparent background, high quality. If people or characters are shown, use diverse features and hairstyles and avoid defaulting to white-coded characters. No weapons, no violence, no scary or threatening elements."
shotgun,"Transparent square PNG image of shotgun, black-and-white kid-friendly worksheet clipart line art, bold clean outlines, simple shapes, no shading, no gradients, no text labels, transparent background, high quality. If people or characters are shown, use diverse features and hairstyles and avoid defaulting to white-coded characters. No weapons, no violence, no scary or threatening elements."
sidewalk,"Transparent square PNG image of sidewalk, black-and-white kid-friendly worksheet clipart line art, bold clean outlines, simple shapes, no shading, no gradients, no text labels, transparent background, high quality. If people or characters are shown, use diverse features and hairstyles and avoid defaulting to white-coded characters. No weapons, no violence, no scary or threatening elements."
singlet,"Transparent square PNG image of singlet, black-and-white kid-friendly worksheet clipart line art, bold clean outlines, simple shapes, no shading, no gradients, no text labels, transparent background, high quality. If people or characters are shown, use diverse features and hairstyles and avoid defaulting to white-coded characters. No weapons, no violence, no scary or threatening elements."
skillet,"Transparent square PNG image of skillet, black-and-white kid-friendly worksheet clipart line art, bold clean outlines, simple shapes, no shading, no gradients, no text labels, transparent background, high quality. If people or characters are shown, use diverse features and hairstyles and avoid defaulting to white-coded characters. No weapons, no violence, no scary or threatening elements."
slingshot,"Transparent square PNG image of slingshot, black-and-white kid-friendly worksheet clipart line art, bold clean outlines, simple shapes, no shading, no gradients, no text labels, transparent background, high quality. If people or characters are shown, use diverse features and hairstyles and avoid defaulting to white-coded characters. No weapons, no violence, no scary or threatening elements."
snapshot,"Transparent square PNG image of snapshot, black-and-white kid-friendly worksheet clipart line art, bold clean outlines, simple shapes, no shading, no gradients, no text labels, transparent background, high quality. If people or characters are shown, use diverse features and hairstyles and avoid defaulting to white-coded characters. No weapons, no violence, no scary or threatening elements."
socket,"Transparent square PNG image of socket, black-and-white kid-friendly worksheet clipart line art, bold clean outlines, simple shapes, no shading, no gradients, no text labels, transparent background, high quality. If people or characters are shown, use diverse features and hairstyles and avoid defaulting to white-coded characters. No weapons, no violence, no scary or threatening elements."
spider,"Transparent square PNG image of spider, black-and-white kid-friendly worksheet clipart line art, bold clean outlines, simple shapes, no shading, no gradients, no text labels, transparent background, high quality. If people or characters are shown, use diverse features and hairstyles and avoid defaulting to white-coded characters. No weapons, no violence, no scary or threatening elements."
stable,"Transparent square PNG image of stable, black-and-white kid-friendly worksheet clipart line art, bold clean outlines, simple shapes, no shading, no gradients, no text labels, transparent background, high quality. If people or characters are shown, use diverse features and hairstyles and avoid defaulting to white-coded characters. No weapons, no violence, no scary or threatening elements."
stampede,"Transparent square PNG image of stampede, black-and-white kid-friendly worksheet clipart line art, bold clean outlines, simple shapes, no shading, no gradients, no text labels, transparent background, high quality. If people or characters are shown, use diverse features and hairstyles and avoid defaulting to white-coded characters. No weapons, no violence, no scary or threatening elements."
stoneware,"Transparent square PNG image of stoneware, black-and-white kid-friendly worksheet clipart line art, bold clean outlines, simple shapes, no shading, no gradients, no text labels, transparent background, high quality. If people or characters are shown, use diverse features and hairstyles and avoid defaulting to white-coded characters. No weapons, no violence, no scary or threatening elements."
stovepipe,"Transparent square PNG image of stovepipe, black-and-white kid-friendly worksheet clipart line art, bold clean outlines, simple shapes, no shading, no gradients, no text labels, transparent background, high quality. If people or characters are shown, use diverse features and hairstyles and avoid defaulting to white-coded characters. No weapons, no violence, no scary or threatening elements."
studio,"Transparent square PNG image of studio, black-and-white kid-friendly worksheet clipart line art, bold clean outlines, simple shapes, no shading, no gradients, no text labels, transparent background, high quality. If people or characters are shown, use diverse features and hairstyles and avoid defaulting to white-coded characters. No weapons, no violence, no scary or threatening elements."
sunfish,"Transparent square PNG image of sunfish, black-and-white kid-friendly worksheet clipart line art, bold clean outlines, simple shapes, no shading, no gradients, no text labels, transparent background, high quality. If people or characters are shown, use diverse features and hairstyles and avoid defaulting to white-coded characters. No weapons, no violence, no scary or threatening elements."
sunlamp,"Transparent square PNG image of sunlamp, black-and-white kid-friendly worksheet clipart line art, bold clean outlines, simple shapes, no shading, no gradients, no text labels, transparent background, high quality. If people or characters are shown, use diverse features and hairstyles and avoid defaulting to white-coded characters. No weapons, no violence, no scary or threatening elements."
sunset,"Transparent square PNG image of sunset, black-and-white kid-friendly worksheet clipart line art, bold clean outlines, simple shapes, no shading, no gradients, no text labels, transparent background, high quality. If people or characters are shown, use diverse features and hairstyles and avoid defaulting to white-coded characters. No weapons, no violence, no scary or threatening elements."
sunshine,"Transparent square PNG image of sunshine, black-and-white kid-friendly worksheet clipart line art, bold clean outlines, simple shapes, no shading, no gradients, no text labels, transparent background, high quality. If people or characters are shown, use diverse features and hairstyles and avoid defaulting to white-coded characters. No weapons, no violence, no scary or threatening elements."
table,"Transparent square PNG image of table, black-and-white kid-friendly worksheet clipart line art, bold clean outlines, simple shapes, no shading, no gradients, no text labels, transparent background, high quality. If people or characters are shown, use diverse features and hairstyles and avoid defaulting to white-coded characters. No weapons, no violence, no scary or threatening elements."
tablet,"Transparent square PNG image of tablet, black-and-white kid-friendly worksheet clipart line art, bold clean outlines, simple shapes, no shading, no gradients, no text labels, transparent background, high quality. If people or characters are shown, use diverse features and hairstyles and avoid defaulting to white-coded characters. No weapons, no violence, no scary or threatening elements."
tadpole,"Transparent square PNG image of tadpole, black-and-white kid-friendly worksheet clipart line art, bold clean outlines, simple shapes, no shading, no gradients, no text labels, transparent background, high quality. If people or characters are shown, use diverse features and hairstyles and avoid defaulting to white-coded characters. No weapons, no violence, no scary or threatening elements."
talcum,"Transparent square PNG image of talcum, black-and-white kid-friendly worksheet clipart line art, bold clean outlines, simple shapes, no shading, no gradients, no text labels, transparent background, high quality. If people or characters are shown, use diverse features and hairstyles and avoid defaulting to white-coded characters. No weapons, no violence, no scary or threatening elements."
telephone,"Transparent square PNG image of telephone, black-and-white kid-friendly worksheet clipart line art, bold clean outlines, simple shapes, no shading, no gradients, no text labels, transparent background, high quality. If people or characters are shown, use diverse features and hairstyles and avoid defaulting to white-coded characters. No weapons, no violence, no scary or threatening elements."
telescope,"Transparent square PNG image of telescope, black-and-white kid-friendly worksheet clipart line art, bold clean outlines, simple shapes, no shading, no gradients, no text labels, transparent background, high quality. If people or characters are shown, use diverse features and hairstyles and avoid defaulting to white-coded characters. No weapons, no violence, no scary or threatening elements."
tennis,"Transparent square PNG image of tennis, black-and-white kid-friendly worksheet clipart line art, bold clean outlines, simple shapes, no shading, no gradients, no text labels, transparent background, high quality. If people or characters are shown, use diverse features and hairstyles and avoid defaulting to white-coded characters. No weapons, no violence, no scary or threatening elements."
termite,"Transparent square PNG image of termite, black-and-white kid-friendly worksheet clipart line art, bold clean outlines, simple shapes, no shading, no gradients, no text labels, transparent background, high quality. If people or characters are shown, use diverse features and hairstyles and avoid defaulting to white-coded characters. No weapons, no violence, no scary or threatening elements."
textile,"Transparent square PNG image of textile, black-and-white kid-friendly worksheet clipart line art, bold clean outlines, simple shapes, no shading, no gradients, no text labels, transparent background, high quality. If people or characters are shown, use diverse features and hairstyles and avoid defaulting to white-coded characters. No weapons, no violence, no scary or threatening elements."
thicket,"Transparent square PNG image of thicket, black-and-white kid-friendly worksheet clipart line art, bold clean outlines, simple shapes, no shading, no gradients, no text labels, transparent background, high quality. If people or characters are shown, use diverse features and hairstyles and avoid defaulting to white-coded characters. No weapons, no violence, no scary or threatening elements."
ticket,"Transparent square PNG image of ticket, black-and-white kid-friendly worksheet clipart line art, bold clean outlines, simple shapes, no shading, no gradients, no text labels, transparent background, high quality. If people or characters are shown, use diverse features and hairstyles and avoid defaulting to white-coded characters. No weapons, no violence, no scary or threatening elements."
tidbit,"Transparent square PNG image of tidbit, black-and-white kid-friendly worksheet clipart line art, bold clean outlines, simple shapes, no shading, no gradients, no text labels, transparent background, high quality. If people or characters are shown, use diverse features and hairstyles and avoid defaulting to white-coded characters. No weapons, no violence, no scary or threatening elements."
tiger,"Transparent square PNG image of tiger, black-and-white kid-friendly worksheet clipart line art, bold clean outlines, simple shapes, no shading, no gradients, no text labels, transparent background, high quality. If people or characters are shown, use diverse features and hairstyles and avoid defaulting to white-coded characters. No weapons, no violence, no scary or threatening elements."
tomcat,"Transparent square PNG image of tomcat, black-and-white kid-friendly worksheet clipart line art, bold clean outlines, simple shapes, no shading, no gradients, no text labels, transparent background, high quality. If people or characters are shown, use diverse features and hairstyles and avoid defaulting to white-coded characters. No weapons, no violence, no scary or threatening elements."
towrope,"Transparent square PNG image of towrope, black-and-white kid-friendly worksheet clipart line art, bold clean outlines, simple shapes, no shading, no gradients, no text labels, transparent background, high quality. If people or characters are shown, use diverse features and hairstyles and avoid defaulting to white-coded characters. No weapons, no violence, no scary or threatening elements."
trellis,"Transparent square PNG image of trellis, black-and-white kid-friendly worksheet clipart line art, bold clean outlines, simple shapes, no shading, no gradients, no text labels, transparent background, high quality. If people or characters are shown, use diverse features and hairstyles and avoid defaulting to white-coded characters. No weapons, no violence, no scary or threatening elements."
trombone,"Transparent square PNG image of trombone, black-and-white kid-friendly worksheet clipart line art, bold clean outlines, simple shapes, no shading, no gradients, no text labels, transparent background, high quality. If people or characters are shown, use diverse features and hairstyles and avoid defaulting to white-coded characters. No weapons, no violence, no scary or threatening elements."
trumpet,"Transparent square PNG image of trumpet, black-and-white kid-friendly worksheet clipart line art, bold clean outlines, simple shapes, no shading, no gradients, no text labels, transparent background, high quality. If people or characters are shown, use diverse features and hairstyles and avoid defaulting to white-coded characters. No weapons, no violence, no scary or threatening elements."
tunnel,"Transparent square PNG image of tunnel, black-and-white kid-friendly worksheet clipart line art, bold clean outlines, simple shapes, no shading, no gradients, no text labels, transparent background, high quality. If people or characters are shown, use diverse features and hairstyles and avoid defaulting to white-coded characters. No weapons, no violence, no scary or threatening elements."
tutor,"Transparent square PNG image of tutor, black-and-white kid-friendly worksheet clipart line art, bold clean outlines, simple shapes, no shading, no gradients, no text labels, transparent background, high quality. If people or characters are shown, use diverse features and hairstyles and avoid defaulting to white-coded characters. No weapons, no violence, no scary or threatening elements."
umpire,"Transparent square PNG image of umpire, black-and-white kid-friendly worksheet clipart line art, bold clean outlines, simple shapes, no shading, no gradients, no text labels, transparent background, high quality. If people or characters are shown, use diverse features and hairstyles and avoid defaulting to white-coded characters. No weapons, no violence, no scary or threatening elements."
valentine,"Transparent square PNG image of valentine, black-and-white kid-friendly worksheet clipart line art, bold clean outlines, simple shapes, no shading, no gradients, no text labels, transparent background, high quality. If people or characters are shown, use diverse features and hairstyles and avoid defaulting to white-coded characters. No weapons, no violence, no scary or threatening elements."
vampire,"Transparent square PNG image of vampire, black-and-white kid-friendly worksheet clipart line art, bold clean outlines, simple shapes, no shading, no gradients, no text labels, transparent background, high quality. If people or characters are shown, use diverse features and hairstyles and avoid defaulting to white-coded characters. No weapons, no violence, no scary or threatening elements."
video,"Transparent square PNG image of video, black-and-white kid-friendly worksheet clipart line art, bold clean outlines, simple shapes, no shading, no gradients, no text labels, transparent background, high quality. If people or characters are shown, use diverse features and hairstyles and avoid defaulting to white-coded characters. No weapons, no violence, no scary or threatening elements."
volcano,"Transparent square PNG image of volcano, black-and-white kid-friendly worksheet clipart line art, bold clean outlines, simple shapes, no shading, no gradients, no text labels, transparent background, high quality. If people or characters are shown, use diverse features and hairstyles and avoid defaulting to white-coded characters. No weapons, no violence, no scary or threatening elements."
wafer,"Transparent square PNG image of wafer, black-and-white kid-friendly worksheet clipart line art, bold clean outlines, simple shapes, no shading, no gradients, no text labels, transparent background, high quality. If people or characters are shown, use diverse features and hairstyles and avoid defaulting to white-coded characters. No weapons, no violence, no scary or threatening elements."
wigwam,"Transparent square PNG image of wigwam, black-and-white kid-friendly worksheet clipart line art, bold clean outlines, simple shapes, no shading, no gradients, no text labels, transparent background, high quality. If people or characters are shown, use diverse features and hairstyles and avoid defaulting to white-coded characters. No weapons, no violence, no scary or threatening elements."
windmill,"Transparent square PNG image of windmill, black-and-white kid-friendly worksheet clipart line art, bold clean outlines, simple shapes, no shading, no gradients, no text labels, transparent background, high quality. If people or characters are shown, use diverse features and hairstyles and avoid defaulting to white-coded characters. No weapons, no violence, no scary or threatening elements."
wingnut,"Transparent square PNG image of wingnut, black-and-white kid-friendly worksheet clipart line art, bold clean outlines, simple shapes, no shading, no gradients, no text labels, transparent background, high quality. If people or characters are shown, use diverse features and hairstyles and avoid defaulting to white-coded characters. No weapons, no violence, no scary or threatening elements."
wishbone,"Transparent square PNG image of wishbone, black-and-white kid-friendly worksheet clipart line art, bold clean outlines, simple shapes, no shading, no gradients, no text labels, transparent background, high quality. If people or characters are shown, use diverse features and hairstyles and avoid defaulting to white-coded characters. No weapons, no violence, no scary or threatening elements."
wombat,"Transparent square PNG image of wombat, black-and-white kid-friendly worksheet clipart line art, bold clean outlines, simple shapes, no shading, no gradients, no text labels, transparent background, high quality. If people or characters are shown, use diverse features and hairstyles and avoid defaulting to white-coded characters. No weapons, no violence, no scary or threatening elements."
zigzag,"Transparent square PNG image of zigzag, black-and-white kid-friendly worksheet clipart line art, bold clean outlines, simple shapes, no shading, no gradients, no text labels, transparent background, high quality. If people or characters are shown, use diverse features and hairstyles and avoid defaulting to white-coded characters. No weapons, no violence, no scary or threatening elements."
